{
    "olá": "hello",
    "bom dia": "good morning",
    "boa tarde": "good afternoon",
    "boa noite": "good night",
    "como vai você?": "how are you?",
    "prazer em conhecê-lo": "nice to meet you",
    "até logo": "see you later",
    "tchau": "bye",
    "bem-vindo": "welcome",
    "obrigado": "thank you",
    "eu estou com fome": "I am hungry",
    "onde está o banheiro?": "where is the bathroom?",
    "eu preciso de ajuda": "I need help",
    "quanto custa isso?": "how much does it cost?",
    "eu vou para casa": "I am going home",
    "eu estou cansado": "I am tired",
    "você fala inglês?": "do you speak English?",
    "eu não entendo": "I don't understand",
    "eu gosto de café": "I like coffee",
    "está chovendo": "it is raining",
    "computador": "computer",
    "telefone celular": "mobile phone",
    "internet": "internet",
    "inteligência artificial": "artificial intelligence",
    "programação": "programming",
    "aprendizado de máquina": "machine learning",
    "rede neural": "neural network",
    "software": "software",
    "hardware": "hardware",
    "dados": "data",
    "árvore": "tree",
    "floresta": "forest",
    "rio": "river",
    "mar": "sea",
    "montanha": "mountain",
    "céu": "sky",
    "sol": "sun",
    "lua": "moon",
    "chuva": "rain",
    "vento": "wind",
    "o tempo voa": "time flies",
    "melhor prevenir do que remediar": "better safe than sorry",
    "as aparências enganam": "appearances can be deceiving",
    "de grão em grão a galinha enche o papo": "little by little, the bird fills its belly",
    "quem não arrisca não petisca": "nothing ventured, nothing gained",
    "água mole em pedra dura tanto bate até que fura": "slow and steady wins the race",
    "cada macaco no seu galho": "to each their own",
    "não julgue um livro pela capa": "don't judge a book by its cover",
    "devagar se vai ao longe": "slowly but surely",
    "uma mão lava a outra": "one hand washes the other"
}